prefix,zone_name,base_rate
# --- NEW ENGLAND ---
010,🇺🇸 New England,2100
011,🇺🇸 New England,2100
012,🇺🇸 New England,2100
013,🇺🇸 New England,2100
014,🇺🇸 New England,2100
015,🇺🇸 New England,2100
016,🇺🇸 New England,2100
017,🇺🇸 New England,2100
018,🇺🇸 New England,2100
019,🇺🇸 New England,2100
020,🇺🇸 New England,2100
021,🇺🇸 New England,2100
022,🇺🇸 New England,2100
023,🇺🇸 New England,2100
024,🇺🇸 New England,2100
025,🇺🇸 New England,2100
026,🇺🇸 New England,2100
027,🇺🇸 New England,2100
028,🇺🇸 New England,2100
029,🇺🇸 New England,2100
030,🇺🇸 New England,2100
031,🇺🇸 New England,2100
032,🇺🇸 New England,2100
033,🇺🇸 New England,2100
034,🇺🇸 New England,2100
035,🇺🇸 New England,2100
036,🇺🇸 New England,2100
037,🇺🇸 New England,2100
038,🇺🇸 New England,2100
039,🇺🇸 New England,2100
040,🇺🇸 New England,2100
041,🇺🇸 New England,2100
042,🇺🇸 New England,2100
043,🇺🇸 New England,2100
044,🇺🇸 New England,2100
045,🇺🇸 New England,2100
046,🇺🇸 New England,2100
047,🇺🇸 New England,2100
048,🇺🇸 New England,2100
049,🇺🇸 New England,2100
050,🇺🇸 New England,2100
051,🇺🇸 New England,2100
052,🇺🇸 New England,2100
053,🇺🇸 New England,2100
054,🇺🇸 New England,2100
055,🇺🇸 New England,2100
056,🇺🇸 New England,2100
057,🇺🇸 New England,2100
058,🇺🇸 New England,2100
059,🇺🇸 New England,2100
060,🇺🇸 New England,2100
061,🇺🇸 New England,2100
062,🇺🇸 New England,2100
063,🇺🇸 New England,2100
064,🇺🇸 New England,2100
065,🇺🇸 New England,2100
066,🇺🇸 New England,2100
067,🇺🇸 New England,2100
068,🇺🇸 New England,2100
069,🇺🇸 New England,2100

# --- NEW JERSEY ---
070,🇺🇸 North Jersey,2300
071,🇺🇸 North Jersey,2300
072,🇺🇸 North Jersey,2300
073,🇺🇸 North Jersey,2300
074,🇺🇸 North Jersey,2300
075,🇺🇸 North Jersey,2300
076,🇺🇸 North Jersey,2300
077,🇺🇸 North Jersey,2300
078,🇺🇸 North Jersey,2300
079,🇺🇸 North Jersey,2300
088,🇺🇸 North Jersey,2300
089,🇺🇸 North Jersey,2300
080,🇺🇸 Central / South Jersey,2200
081,🇺🇸 Central / South Jersey,2200
082,🇺🇸 Central / South Jersey,2200
083,🇺🇸 Central / South Jersey,2200
084,🇺🇸 Central / South Jersey,2200
085,🇺🇸 Central / South Jersey,2200
086,🇺🇸 Central / South Jersey,2200
087,🇺🇸 Central / South Jersey,2200

# --- NEW YORK ---
100,🇺🇸 NYC / Long Island,2300
101,🇺🇸 NYC / Long Island,2300
102,🇺🇸 NYC / Long Island,2300
103,🇺🇸 NYC / Long Island,2300
104,🇺🇸 NYC / Long Island,2300
105,🇺🇸 NYC / Long Island,2300
106,🇺🇸 NYC / Long Island,2300
107,🇺🇸 NYC / Long Island,2300
108,🇺🇸 NYC / Long Island,2300
109,🇺🇸 NYC / Long Island,2300
110,🇺🇸 NYC / Long Island,2300
111,🇺🇸 NYC / Long Island,2300
112,🇺🇸 NYC / Long Island,2300
113,🇺🇸 NYC / Long Island,2300
114,🇺🇸 NYC / Long Island,2300
115,🇺🇸 NYC / Long Island,2300
116,🇺🇸 NYC / Long Island,2300
117,🇺🇸 NYC / Long Island,2300
118,🇺🇸 NYC / Long Island,2300
119,🇺🇸 NYC / Long Island,2300
120,🇺🇸 Upstate NY,2200
121,🇺🇸 Upstate NY,2200
122,🇺🇸 Upstate NY,2200
123,🇺🇸 Upstate NY,2200
124,🇺🇸 Upstate NY,2200
125,🇺🇸 Upstate NY,2200
126,🇺🇸 Upstate NY,2200
127,🇺🇸 Upstate NY,2200
128,🇺🇸 Upstate NY,2200
129,🇺🇸 Upstate NY,2200
130,🇺🇸 Upstate NY,2200
131,🇺🇸 Upstate NY,2200
132,🇺🇸 Upstate NY,2200
133,🇺🇸 Upstate NY,2200
134,🇺🇸 Upstate NY,2200
135,🇺🇸 Upstate NY,2200
136,🇺🇸 Upstate NY,2200
137,🇺🇸 Upstate NY,2200
138,🇺🇸 Upstate NY,2200
139,🇺🇸 Upstate NY,2200
140,🇺🇸 Upstate NY,2200
141,🇺🇸 Upstate NY,2200
142,🇺🇸 Upstate NY,2200
143,🇺🇸 Upstate NY,2200
144,🇺🇸 Upstate NY,2200
145,🇺🇸 Upstate NY,2200
146,🇺🇸 Upstate NY,2200
147,🇺🇸 Upstate NY,2200
148,🇺🇸 Upstate NY,2200
149,🇺🇸 Upstate NY,2200

# --- PENNSYLVANIA ---
150,🇺🇸 Western PA,2400
151,🇺🇸 Western PA,2400
152,🇺🇸 Western PA,2400
153,🇺🇸 Western PA,2400
154,🇺🇸 Western PA,2400
155,🇺🇸 Western PA,2400
156,🇺🇸 Western PA,2400
157,🇺🇸 Western PA,2400
158,🇺🇸 Western PA,2400
159,🇺🇸 Western PA,2400
160,🇺🇸 Western PA,2400
161,🇺🇸 Western PA,2400
162,🇺🇸 Western PA,2400
163,🇺🇸 Western PA,2400
164,🇺🇸 Western PA,2400
165,🇺🇸 Western PA,2400
166,🇺🇸 Western PA,2400
167,🇺🇸 Western PA,2400
168,🇺🇸 Western PA,2400
169,🇺🇸 Western PA,2400
170,🇺🇸 Eastern PA,2200
171,🇺🇸 Eastern PA,2200
172,🇺🇸 Eastern PA,2200
173,🇺🇸 Eastern PA,2200
174,🇺🇸 Eastern PA,2200
175,🇺🇸 Eastern PA,2200
176,🇺🇸 Eastern PA,2200
177,🇺🇸 Eastern PA,2200
178,🇺🇸 Eastern PA,2200
179,🇺🇸 Eastern PA,2200
180,🇺🇸 Eastern PA,2200
181,🇺🇸 Eastern PA,2200
182,🇺🇸 Eastern PA,2200
183,🇺🇸 Eastern PA,2200
184,🇺🇸 Eastern PA,2200
185,🇺🇸 Eastern PA,2200
186,🇺🇸 Eastern PA,2200
187,🇺🇸 Eastern PA,2200
188,🇺🇸 Eastern PA,2200
189,🇺🇸 Eastern PA,2200
190,🇺🇸 Eastern PA,2200
191,🇺🇸 Eastern PA,2200
192,🇺🇸 Eastern PA,2200
193,🇺🇸 Eastern PA,2200
194,🇺🇸 Eastern PA,2200
195,🇺🇸 Eastern PA,2200
196,🇺🇸 Eastern PA,2200

# --- CAPITAL REGION / MD / DE / DC ---
197,🇺🇸 Capital Region,2300
198,🇺🇸 Capital Region,2300
199,🇺🇸 Capital Region,2300
200,🇺🇸 Capital Region,2300
201,🇺🇸 Capital Region,2300
202,🇺🇸 Capital Region,2300
203,🇺🇸 Capital Region,2300
204,🇺🇸 Capital Region,2300
205,🇺🇸 Capital Region,2300
206,🇺🇸 Capital Region,2300
207,🇺🇸 Capital Region,2300
208,🇺🇸 Capital Region,2300
209,🇺🇸 Capital Region,2300
210,🇺🇸 Capital Region,2300
211,🇺🇸 Capital Region,2300
212,🇺🇸 Capital Region,2300
213,🇺🇸 Capital Region,2300
214,🇺🇸 Capital Region,2300
215,🇺🇸 Capital Region,2300
216,🇺🇸 Capital Region,2300
217,🇺🇸 Capital Region,2300
218,🇺🇸 Capital Region,2300
219,🇺🇸 Capital Region,2300
220,🇺🇸 Capital Region,2300
221,🇺🇸 Capital Region,2300
222,🇺🇸 Capital Region,2300
223,🇺🇸 Capital Region,2300
224,🇺🇸 Virginia,2400
225,🇺🇸 Virginia,2400
226,🇺🇸 Virginia,2400
227,🇺🇸 Virginia,2400
228,🇺🇸 Virginia,2400
229,🇺🇸 Virginia,2400
230,🇺🇸 Virginia,2400
231,🇺🇸 Virginia,2400
232,🇺🇸 Virginia,2400
233,🇺🇸 Virginia,2400
234,🇺🇸 Virginia,2400
235,🇺🇸 Virginia,2400
236,🇺🇸 Virginia,2400
237,🇺🇸 Virginia,2400
238,🇺🇸 Virginia,2400
239,🇺🇸 Virginia,2400
240,🇺🇸 Virginia,2400
241,🇺🇸 Virginia,2400
242,🇺🇸 Virginia,2400
243,🇺🇸 Virginia,2400
244,🇺🇸 Virginia,2400
245,🇺🇸 Virginia,2400
246,🇺🇸 Virginia,2400

# --- CAROLINAS ---
270,🇺🇸 Carolinas,2500
271,🇺🇸 Carolinas,2500
272,🇺🇸 Carolinas,2500
273,🇺🇸 Carolinas,2500
274,🇺🇸 Carolinas,2500
275,🇺🇸 Carolinas,2500
276,🇺🇸 Carolinas,2500
277,🇺🇸 Carolinas,2500
278,🇺🇸 Carolinas,2500
279,🇺🇸 Carolinas,2500
280,🇺🇸 Carolinas,2500
281,🇺🇸 Carolinas,2500
282,🇺🇸 Carolinas,2500
283,🇺🇸 Carolinas,2500
284,🇺🇸 Carolinas,2500
285,🇺🇸 Carolinas,2500
286,🇺🇸 Carolinas,2500
287,🇺🇸 Carolinas,2500
288,🇺🇸 Carolinas,2500
289,🇺🇸 Carolinas,2500
290,🇺🇸 Carolinas,2500
291,🇺🇸 Carolinas,2500
292,🇺🇸 Carolinas,2500
293,🇺🇸 Carolinas,2500
294,🇺🇸 Carolinas,2500
295,🇺🇸 Carolinas,2500
296,🇺🇸 Carolinas,2500
297,🇺🇸 Carolinas,2500
298,🇺🇸 Carolinas,2500
299,🇺🇸 Carolinas,2500

# --- GEORGIA ---
300,🇺🇸 Georgia,2600
301,🇺🇸 Georgia,2600
302,🇺🇸 Georgia,2600
303,🇺🇸 Georgia,2600
304,🇺🇸 Georgia,2600
305,🇺🇸 Georgia,2600
306,🇺🇸 Georgia,2600
307,🇺🇸 Georgia,2600
308,🇺🇸 Georgia,2600
309,🇺🇸 Georgia,2600
310,🇺🇸 Georgia,2600
311,🇺🇸 Georgia,2600
312,🇺🇸 Georgia,2600
313,🇺🇸 Georgia,2600
314,🇺🇸 Georgia,2600
315,🇺🇸 Georgia,2600
316,🇺🇸 Georgia,2600
317,🇺🇸 Georgia,2600
318,🇺🇸 Georgia,2600
319,🇺🇸 Georgia,2600

# --- FLORIDA ---
320,🇺🇸 North Florida,2700
321,🇺🇸 North Florida,2700
322,🇺🇸 North Florida,2700
323,🇺🇸 North Florida,2700
324,🇺🇸 North Florida,2700
325,🇺🇸 North Florida,2700
326,🇺🇸 North Florida,2700
327,🇺🇸 North Florida,2700
328,🇺🇸 North Florida,2700
329,🇺🇸 North Florida,2700
335,🇺🇸 North Florida,2700
336,🇺🇸 North Florida,2700
337,🇺🇸 North Florida,2700
338,🇺🇸 North Florida,2700
339,🇺🇸 North Florida,2700
341,🇺🇸 North Florida,2700
342,🇺🇸 North Florida,2700
344,🇺🇸 North Florida,2700
346,🇺🇸 North Florida,2700
347,🇺🇸 North Florida,2700
349,🇺🇸 North Florida,2700
330,🇺🇸 South Florida,2800
331,🇺🇸 South Florida,2800
332,🇺🇸 South Florida,2800
333,🇺🇸 South Florida,2800
334,🇺🇸 South Florida,2800

# --- OHIO VALLEY ---
430,🇺🇸 Ohio Valley (OH),3000
431,🇺🇸 Ohio Valley (OH),3000
432,🇺🇸 Ohio Valley (OH),3000
433,🇺🇸 Ohio Valley (OH),3000
434,🇺🇸 Ohio Valley (OH),3000
435,🇺🇸 Ohio Valley (OH),3000
436,🇺🇸 Ohio Valley (OH),3000
437,🇺🇸 Ohio Valley (OH),3000
438,🇺🇸 Ohio Valley (OH),3000
439,🇺🇸 Ohio Valley (OH),3000
440,🇺🇸 Ohio Valley (OH),3000
441,🇺🇸 Ohio Valley (OH),3000
442,🇺🇸 Ohio Valley (OH),3000
443,🇺🇸 Ohio Valley (OH),3000
444,🇺🇸 Ohio Valley (OH),3000
445,🇺🇸 Ohio Valley (OH),3000
446,🇺🇸 Ohio Valley (OH),3000
447,🇺🇸 Ohio Valley (OH),3000
448,🇺🇸 Ohio Valley (OH),3000
449,🇺🇸 Ohio Valley (OH),3000
450,🇺🇸 Ohio Valley (OH),3000
451,🇺🇸 Ohio Valley (OH),3000
452,🇺🇸 Ohio Valley (OH),3000
453,🇺🇸 Ohio Valley (OH),3000
454,🇺🇸 Ohio Valley (OH),3000
455,🇺🇸 Ohio Valley (OH),3000
456,🇺🇸 Ohio Valley (OH),3000
457,🇺🇸 Ohio Valley (OH),3000
458,🇺🇸 Ohio Valley (OH),3000
459,🇺🇸 Ohio Valley (OH),3000

# --- MIDWEST (IL/IN/MO) ---
460,🇺🇸 Midwest (IL/IN/MO),3100
461,🇺🇸 Midwest (IL/IN/MO),3100
462,🇺🇸 Midwest (IL/IN/MO),3100
463,🇺🇸 Midwest (IL/IN/MO),3100
464,🇺🇸 Midwest (IL/IN/MO),3100
465,🇺🇸 Midwest (IL/IN/MO),3100
466,🇺🇸 Midwest (IL/IN/MO),3100
467,🇺🇸 Midwest (IL/IN/MO),3100
468,🇺🇸 Midwest (IL/IN/MO),3100
469,🇺🇸 Midwest (IL/IN/MO),3100
470,🇺🇸 Midwest (IL/IN/MO),3100
471,🇺🇸 Midwest (IL/IN/MO),3100
472,🇺🇸 Midwest (IL/IN/MO),3100
473,🇺🇸 Midwest (IL/IN/MO),3100
474,🇺🇸 Midwest (IL/IN/MO),3100
475,🇺🇸 Midwest (IL/IN/MO),3100
476,🇺🇸 Midwest (IL/IN/MO),3100
477,🇺🇸 Midwest (IL/IN/MO),3100
478,🇺🇸 Midwest (IL/IN/MO),3100
479,🇺🇸 Midwest (IL/IN/MO),3100
600,🇺🇸 Midwest (IL/IN/MO),3100
601,🇺🇸 Midwest (IL/IN/MO),3100
602,🇺🇸 Midwest (IL/IN/MO),3100
603,🇺🇸 Midwest (IL/IN/MO),3100
604,🇺🇸 Midwest (IL/IN/MO),3100
605,🇺🇸 Midwest (IL/IN/MO),3100
606,🇺🇸 Midwest (IL/IN/MO),3100
607,🇺🇸 Midwest (IL/IN/MO),3100
608,🇺🇸 Midwest (IL/IN/MO),3100
609,🇺🇸 Midwest (IL/IN/MO),3100
610,🇺🇸 Midwest (IL/IN/MO),3100
611,🇺🇸 Midwest (IL/IN/MO),3100
612,🇺🇸 Midwest (IL/IN/MO),3100
613,🇺🇸 Midwest (IL/IN/MO),3100
614,🇺🇸 Midwest (IL/IN/MO),3100
615,🇺🇸 Midwest (IL/IN/MO),3100
616,🇺🇸 Midwest (IL/IN/MO),3100
617,🇺🇸 Midwest (IL/IN/MO),3100
618,🇺🇸 Midwest (IL/IN/MO),3100
619,🇺🇸 Midwest (IL/IN/MO),3100
620,🇺🇸 Midwest (IL/IN/MO),3100
622,🇺🇸 Midwest (IL/IN/MO),3100
623,🇺🇸 Midwest (IL/IN/MO),3100
624,🇺🇸 Midwest (IL/IN/MO),3100
625,🇺🇸 Midwest (IL/IN/MO),3100
626,🇺🇸 Midwest (IL/IN/MO),3100
627,🇺🇸 Midwest (IL/IN/MO),3100
628,🇺🇸 Midwest (IL/IN/MO),3100
629,🇺🇸 Midwest (IL/IN/MO),3100
630,🇺🇸 Midwest (IL/IN/MO),3100
631,🇺🇸 Midwest (IL/IN/MO),3100
633,🇺🇸 Midwest (IL/IN/MO),3100
634,🇺🇸 Midwest (IL/IN/MO),3100
635,🇺🇸 Midwest (IL/IN/MO),3100
636,🇺🇸 Midwest (IL/IN/MO),3100
637,🇺🇸 Midwest (IL/IN/MO),3100
638,🇺🇸 Midwest (IL/IN/MO),3100
639,🇺🇸 Midwest (IL/IN/MO),3100
640,🇺🇸 Midwest (IL/IN/MO),3100
641,🇺🇸 Midwest (IL/IN/MO),3100
644,🇺🇸 Midwest (IL/IN/MO),3100
645,🇺🇸 Midwest (IL/IN/MO),3100
646,🇺🇸 Midwest (IL/IN/MO),3100
647,🇺🇸 Midwest (IL/IN/MO),3100
648,🇺🇸 Midwest (IL/IN/MO),3100
650,🇺🇸 Midwest (IL/IN/MO),3100
651,🇺🇸 Midwest (IL/IN/MO),3100
652,🇺🇸 Midwest (IL/IN/MO),3100
653,🇺🇸 Midwest (IL/IN/MO),3100
654,🇺🇸 Midwest (IL/IN/MO),3100
655,🇺🇸 Midwest (IL/IN/MO),3100
656,🇺🇸 Midwest (IL/IN/MO),3100
657,🇺🇸 Midwest (IL/IN/MO),3100
658,🇺🇸 Midwest (IL/IN/MO),3100
730,🇺🇸 Midwest (IL/IN/MO),3100
731,🇺🇸 Midwest (IL/IN/MO),3100
732,🇺🇸 Midwest (IL/IN/MO),3100
734,🇺🇸 Midwest (IL/IN/MO),3100
735,🇺🇸 Midwest (IL/IN/MO),3100
736,🇺🇸 Midwest (IL/IN/MO),3100
737,🇺🇸 Midwest (IL/IN/MO),3100
738,🇺🇸 Midwest (IL/IN/MO),3100
739,🇺🇸 Midwest (IL/IN/MO),3100
740,🇺🇸 Midwest (IL/IN/MO),3100
741,🇺🇸 Midwest (IL/IN/MO),3100
743,🇺🇸 Midwest (IL/IN/MO),3100
744,🇺🇸 Midwest (IL/IN/MO),3100
745,🇺🇸 Midwest (IL/IN/MO),3100
746,🇺🇸 Midwest (IL/IN/MO),3100
747,🇺🇸 Midwest (IL/IN/MO),3100
748,🇺🇸 Midwest (IL/IN/MO),3100
749,🇺🇸 Midwest (IL/IN/MO),3100

# --- UPPER MIDWEST (MN) ---
550,🇺🇸 Upper Midwest (MN),3500
551,🇺🇸 Upper Midwest (MN),3500
553,🇺🇸 Upper Midwest (MN),3500
554,🇺🇸 Upper Midwest (MN),3500
555,🇺🇸 Upper Midwest (MN),3500
556,🇺🇸 Upper Midwest (MN),3500
557,🇺🇸 Upper Midwest (MN),3500
558,🇺🇸 Upper Midwest (MN),3500
559,🇺🇸 Upper Midwest (MN),3500
560,🇺🇸 Upper Midwest (MN),3500
561,🇺🇸 Upper Midwest (MN),3500
562,🇺🇸 Upper Midwest (MN),3500
563,🇺🇸 Upper Midwest (MN),3500
564,🇺🇸 Upper Midwest (MN),3500
565,🇺🇸 Upper Midwest (MN),3500
566,🇺🇸 Upper Midwest (MN),3500
567,🇺🇸 Upper Midwest (MN),3500

# --- GREAT LAKES (MI/WI) ---
480,🇺🇸 Great Lakes (MI/WI),2500
481,🇺🇸 Great Lakes (MI/WI),2500
482,🇺🇸 Great Lakes (MI/WI),2500
483,🇺🇸 Great Lakes (MI/WI),2500
484,🇺🇸 Great Lakes (MI/WI),2500
485,🇺🇸 Great Lakes (MI/WI),2500
486,🇺🇸 Great Lakes (MI/WI),2500
487,🇺🇸 Great Lakes (MI/WI),2500
488,🇺🇸 Great Lakes (MI/WI),2500
489,🇺🇸 Great Lakes (MI/WI),2500
490,🇺🇸 Great Lakes (MI/WI),2500
491,🇺🇸 Great Lakes (MI/WI),2500
492,🇺🇸 Great Lakes (MI/WI),2500
493,🇺🇸 Great Lakes (MI/WI),2500
494,🇺🇸 Great Lakes (MI/WI),2500
495,🇺🇸 Great Lakes (MI/WI),2500
496,🇺🇸 Great Lakes (MI/WI),2500
497,🇺🇸 Great Lakes (MI/WI),2500
498,🇺🇸 Great Lakes (MI/WI),2500
499,🇺🇸 Great Lakes (MI/WI),2500
530,🇺🇸 Great Lakes (MI/WI),2500
531,🇺🇸 Great Lakes (MI/WI),2500
532,🇺🇸 Great Lakes (MI/WI),2500
534,🇺🇸 Great Lakes (MI/WI),2500
535,🇺🇸 Great Lakes (MI/WI),2500
537,🇺🇸 Great Lakes (MI/WI),2500
538,🇺🇸 Great Lakes (MI/WI),2500
539,🇺🇸 Great Lakes (MI/WI),2500
540,🇺🇸 Great Lakes (MI/WI),2500
541,🇺🇸 Great Lakes (MI/WI),2500
542,🇺🇸 Great Lakes (MI/WI),2500
543,🇺🇸 Great Lakes (MI/WI),2500
544,🇺🇸 Great Lakes (MI/WI),2500
545,🇺🇸 Great Lakes (MI/WI),2500
546,🇺🇸 Great Lakes (MI/WI),2500
547,🇺🇸 Great Lakes (MI/WI),2500
548,🇺🇸 Great Lakes (MI/WI),2500
549,🇺🇸 Great Lakes (MI/WI),2500

# --- DEEP SOUTH ---
350,🇺🇸 Deep South,2800
351,🇺🇸 Deep South,2800
352,🇺🇸 Deep South,2800
354,🇺🇸 Deep South,2800
355,🇺🇸 Deep South,2800
356,🇺🇸 Deep South,2800
357,🇺🇸 Deep South,2800
358,🇺🇸 Deep South,2800
359,🇺🇸 Deep South,2800
360,🇺🇸 Deep South,2800
361,🇺🇸 Deep South,2800
362,🇺🇸 Deep South,2800
363,🇺🇸 Deep South,2800
364,🇺🇸 Deep South,2800
365,🇺🇸 Deep South,2800
366,🇺🇸 Deep South,2800
367,🇺🇸 Deep South,2800
368,🇺🇸 Deep South,2800
369,🇺🇸 Deep South,2800
370,🇺🇸 Deep South,2800
371,🇺🇸 Deep South,2800
372,🇺🇸 Deep South,2800
373,🇺🇸 Deep South,2800
374,🇺🇸 Deep South,2800
376,🇺🇸 Deep South,2800
377,🇺🇸 Deep South,2800
378,🇺🇸 Deep South,2800
379,🇺🇸 Deep South,2800
380,🇺🇸 Deep South,2800
381,🇺🇸 Deep South,2800
382,🇺🇸 Deep South,2800
383,🇺🇸 Deep South,2800
384,🇺🇸 Deep South,2800
385,🇺🇸 Deep South,2800
386,🇺🇸 Deep South,2800
387,🇺🇸 Deep South,2800
388,🇺🇸 Deep South,2800
389,🇺🇸 Deep South,2800
390,🇺🇸 Deep South,2800
391,🇺🇸 Deep South,2800
392,🇺🇸 Deep South,2800
393,🇺🇸 Deep South,2800
394,🇺🇸 Deep South,2800
395,🇺🇸 Deep South,2800
396,🇺🇸 Deep South,2800
397,🇺🇸 Deep South,2800
400,🇺🇸 Deep South,2800
401,🇺🇸 Deep South,2800
402,🇺🇸 Deep South,2800
403,🇺🇸 Deep South,2800
404,🇺🇸 Deep South,2800
405,🇺🇸 Deep South,2800
406,🇺🇸 Deep South,2800
410,🇺🇸 Deep South,2800
411,🇺🇸 Deep South,2800
412,🇺🇸 Deep South,2800
413,🇺🇸 Deep South,2800
414,🇺🇸 Deep South,2800
415,🇺🇸 Deep South,2800
416,🇺🇸 Deep South,2800
417,🇺🇸 Deep South,2800
418,🇺🇸 Deep South,2800
420,🇺🇸 Deep South,2800
421,🇺🇸 Deep South,2800
422,🇺🇸 Deep South,2800
423,🇺🇸 Deep South,2800
424,🇺🇸 Deep South,2800
425,🇺🇸 Deep South,2800
426,🇺🇸 Deep South,2800
427,🇺🇸 Deep South,2800
700,🇺🇸 Deep South,2800
701,🇺🇸 Deep South,2800
703,🇺🇸 Deep South,2800
704,🇺🇸 Deep South,2800
705,🇺🇸 Deep South,2800
706,🇺🇸 Deep South,2800
707,🇺🇸 Deep South,2800
708,🇺🇸 Deep South,2800
710,🇺🇸 Deep South,2800
711,🇺🇸 Deep South,2800
712,🇺🇸 Deep South,2800
713,🇺🇸 Deep South,2800
714,🇺🇸 Deep South,2800
716,🇺🇸 Deep South,2800
717,🇺🇸 Deep South,2800
718,🇺🇸 Deep South,2800
719,🇺🇸 Deep South,2800
720,🇺🇸 Deep South,2800
721,🇺🇸 Deep South,2800
722,🇺🇸 Deep South,2800
723,🇺🇸 Deep South,2800
724,🇺🇸 Deep South,2800
725,🇺🇸 Deep South,2800
726,🇺🇸 Deep South,2800
727,🇺🇸 Deep South,2800
728,🇺🇸 Deep South,2800
729,🇺🇸 Deep South,2800

# --- TEXAS ---
750,🇺🇸 Texas,3200
751,🇺🇸 Texas,3200
752,🇺🇸 Texas,3200
753,🇺🇸 Texas,3200
754,🇺🇸 Texas,3200
755,🇺🇸 Texas,3200
756,🇺🇸 Texas,3200
757,🇺🇸 Texas,3200
758,🇺🇸 Texas,3200
759,🇺🇸 Texas,3200
760,🇺🇸 Texas,3200
761,🇺🇸 Texas,3200
762,🇺🇸 Texas,3200
763,🇺🇸 Texas,3200
764,🇺🇸 Texas,3200
765,🇺🇸 Texas,3200
766,🇺🇸 Texas,3200
767,🇺🇸 Texas,3200
768,🇺🇸 Texas,3200
769,🇺🇸 Texas,3200
770,🇺🇸 Texas,3200
771,🇺🇸 Texas,3200
772,🇺🇸 Texas,3200
773,🇺🇸 Texas,3200
774,🇺🇸 Texas,3200
775,🇺🇸 Texas,3200
776,🇺🇸 Texas,3200
777,🇺🇸 Texas,3200
778,🇺🇸 Texas,3200
779,🇺🇸 Texas,3200
780,🇺🇸 Texas,3200
781,🇺🇸 Texas,3200
782,🇺🇸 Texas,3200
783,🇺🇸 Texas,3200
784,🇺🇸 Texas,3200
785,🇺🇸 Texas,3200
786,🇺🇸 Texas,3200
787,🇺🇸 Texas,3200
788,🇺🇸 Texas,3200
789,🇺🇸 Texas,3200
790,🇺🇸 Texas,3200
791,🇺🇸 Texas,3200
792,🇺🇸 Texas,3200
793,🇺🇸 Texas,3200
794,🇺🇸 Texas,3200
795,🇺🇸 Texas,3200
796,🇺🇸 Texas,3200
797,🇺🇸 Texas,3200
798,🇺🇸 Texas,3200
799,🇺🇸 Texas,3200

# --- ROCKY MOUNTAINS ---
590,🇺🇸 Rocky Mountains,3400
591,🇺🇸 Rocky Mountains,3400
592,🇺🇸 Rocky Mountains,3400
593,🇺🇸 Rocky Mountains,3400
594,🇺🇸 Rocky Mountains,3400
595,🇺🇸 Rocky Mountains,3400
596,🇺🇸 Rocky Mountains,3400
597,🇺🇸 Rocky Mountains,3400
598,🇺🇸 Rocky Mountains,3400
599,🇺🇸 Rocky Mountains,3400
800,🇺🇸 Rocky Mountains,3400
801,🇺🇸 Rocky Mountains,3400
802,🇺🇸 Rocky Mountains,3400
803,🇺🇸 Rocky Mountains,3400
804,🇺🇸 Rocky Mountains,3400
805,🇺🇸 Rocky Mountains,3400
806,🇺🇸 Rocky Mountains,3400
807,🇺🇸 Rocky Mountains,3400
808,🇺🇸 Rocky Mountains,3400
809,🇺🇸 Rocky Mountains,3400
810,🇺🇸 Rocky Mountains,3400
811,🇺🇸 Rocky Mountains,3400
812,🇺🇸 Rocky Mountains,3400
813,🇺🇸 Rocky Mountains,3400
814,🇺🇸 Rocky Mountains,3400
815,🇺🇸 Rocky Mountains,3400
816,🇺🇸 Rocky Mountains,3400
820,🇺🇸 Rocky Mountains,3400
821,🇺🇸 Rocky Mountains,3400
822,🇺🇸 Rocky Mountains,3400
823,🇺🇸 Rocky Mountains,3400
824,🇺🇸 Rocky Mountains,3400
825,🇺🇸 Rocky Mountains,3400
826,🇺🇸 Rocky Mountains,3400
827,🇺🇸 Rocky Mountains,3400
828,🇺🇸 Rocky Mountains,3400
829,🇺🇸 Rocky Mountains,3400
830,🇺🇸 Rocky Mountains,3400
831,🇺🇸 Rocky Mountains,3400
832,🇺🇸 Rocky Mountains,3400
833,🇺🇸 Rocky Mountains,3400
834,🇺🇸 Rocky Mountains,3400
835,🇺🇸 Rocky Mountains,3400
836,🇺🇸 Rocky Mountains,3400
837,🇺🇸 Rocky Mountains,3400
838,🇺🇸 Rocky Mountains,3400

# --- SOUTHWEST ---
840,🇺🇸 Southwest,3300
841,🇺🇸 Southwest,3300
843,🇺🇸 Southwest,3300
844,🇺🇸 Southwest,3300
845,🇺🇸 Southwest,3300
846,🇺🇸 Southwest,3300
847,🇺🇸 Southwest,3300
850,🇺🇸 Southwest,3300
851,🇺🇸 Southwest,3300
852,🇺🇸 Southwest,3300
853,🇺🇸 Southwest,3300
855,🇺🇸 Southwest,3300
856,🇺🇸 Southwest,3300
857,🇺🇸 Southwest,3300
859,🇺🇸 Southwest,3300
860,🇺🇸 Southwest,3300
863,🇺🇸 Southwest,3300
864,🇺🇸 Southwest,3300
865,🇺🇸 Southwest,3300
870,🇺🇸 Southwest,3300
871,🇺🇸 Southwest,3300
873,🇺🇸 Southwest,3300
874,🇺🇸 Southwest,3300
875,🇺🇸 Southwest,3300
877,🇺🇸 Southwest,3300
878,🇺🇸 Southwest,3300
879,🇺🇸 Southwest,3300
880,🇺🇸 Southwest,3300
881,🇺🇸 Southwest,3300
882,🇺🇸 Southwest,3300
883,🇺🇸 Southwest,3300
884,🇺🇸 Southwest,3300
885,🇺🇸 Southwest,3300
889,🇺🇸 Southwest,3300
890,🇺🇸 Southwest,3300
891,🇺🇸 Southwest,3300
893,🇺🇸 Southwest,3300
894,🇺🇸 Southwest,3300
895,🇺🇸 Southwest,3300
897,🇺🇸 Southwest,3300
898,🇺🇸 Southwest,3300

# --- WEST COAST ---
900,🇺🇸 West Coast,3500
901,🇺🇸 West Coast,3500
902,🇺🇸 West Coast,3500
903,🇺🇸 West Coast,3500
904,🇺🇸 West Coast,3500
905,🇺🇸 West Coast,3500
906,🇺🇸 West Coast,3500
907,🇺🇸 West Coast,3500
908,🇺🇸 West Coast,3500
910,🇺🇸 West Coast,3500
911,🇺🇸 West Coast,3500
912,🇺🇸 West Coast,3500
913,🇺🇸 West Coast,3500
914,🇺🇸 West Coast,3500
915,🇺🇸 West Coast,3500
916,🇺🇸 West Coast,3500
917,🇺🇸 West Coast,3500
918,🇺🇸 West Coast,3500
919,🇺🇸 West Coast,3500
920,🇺🇸 West Coast,3500
921,🇺🇸 West Coast,3500
922,🇺🇸 West Coast,3500
923,🇺🇸 West Coast,3500
924,🇺🇸 West Coast,3500
925,🇺🇸 West Coast,3500
926,🇺🇸 West Coast,3500
927,🇺🇸 West Coast,3500
928,🇺🇸 West Coast,3500
930,🇺🇸 West Coast,3500
931,🇺🇸 West Coast,3500
932,🇺🇸 West Coast,3500
933,🇺🇸 West Coast,3500
934,🇺🇸 West Coast,3500
935,🇺🇸 West Coast,3500
936,🇺🇸 West Coast,3500
937,🇺🇸 West Coast,3500
938,🇺🇸 West Coast,3500
939,🇺🇸 West Coast,3500
940,🇺🇸 West Coast,3500
941,🇺🇸 West Coast,3500
942,🇺🇸 West Coast,3500
943,🇺🇸 West Coast,3500
944,🇺🇸 West Coast,3500
945,🇺🇸 West Coast,3500
946,🇺🇸 West Coast,3500
947,🇺🇸 West Coast,3500
948,🇺🇸 West Coast,3500
949,🇺🇸 West Coast,3500
950,🇺🇸 West Coast,3500
951,🇺🇸 West Coast,3500
952,🇺🇸 West Coast,3500
953,🇺🇸 West Coast,3500
954,🇺🇸 West Coast,3500
955,🇺🇸 West Coast,3500
956,🇺🇸 West Coast,3500
957,🇺🇸 West Coast,3500
958,🇺🇸 West Coast,3500
959,🇺🇸 West Coast,3500
960,🇺🇸 West Coast,3500
961,🇺🇸 West Coast,3500
970,🇺🇸 West Coast,3500
971,🇺🇸 West Coast,3500
972,🇺🇸 West Coast,3500
973,🇺🇸 West Coast,3500
974,🇺🇸 West Coast,3500
975,🇺🇸 West Coast,3500
976,🇺🇸 West Coast,3500
977,🇺🇸 West Coast,3500
978,🇺🇸 West Coast,3500
979,🇺🇸 West Coast,3500
980,🇺🇸 West Coast,3500
981,🇺🇸 West Coast,3500
982,🇺🇸 West Coast,3500
983,🇺🇸 West Coast,3500
984,🇺🇸 West Coast,3500
985,🇺🇸 West Coast,3500
986,🇺🇸 West Coast,3500
988,🇺🇸 West Coast,3500
989,🇺🇸 West Coast,3500
990,🇺🇸 West Coast,3500
991,🇺🇸 West Coast,3500
992,🇺🇸 West Coast,3500
993,🇺🇸 West Coast,3500
994,🇺🇸 West Coast,3500

# --- CANADA ---
G,🇨🇦 Quebec,1800
H,🇨🇦 Quebec,1800
J,🇨🇦 Quebec,1800
K,🇨🇦 Ontario,1900
L,🇨🇦 Ontario,1900
M,🇨🇦 Ontario,1900
N,🇨🇦 Ontario,1900
P,🇨🇦 Ontario,1900
A,🇨🇦 Atlantic Canada,2400
B,🇨🇦 Atlantic Canada,2400
C,🇨🇦 Atlantic Canada,2400
E,🇨🇦 Atlantic Canada,2400
R,🇨🇦 Prairies East (MB/SK),2800
S,🇨🇦 Prairies East (MB/SK),2800
T,🇨🇦 Alberta,3200
V,🇨🇦 British Columbia,3500
X,🇨🇦 Territories (NT/NU),4000
Y,🇨🇦 Territories (YT),4000
